filename, rubah
n02119789_2095_JPEG.rf.4d83455c8b69b1f50ee45a8e6e1a543f.jpg, 1
n02119022_224_JPEG.rf.4a999f1a6fa4f7b54318817e6f814964.jpg, 1
n02119789_13023_JPEG.rf.4886dc266c03276888bbd27677f76df7.jpg, 1
n02119022_1503_JPEG.rf.4af6d053d4899428607185656a32fb05.jpg, 1
n02119789_2780_JPEG.rf.4c3b1ac88d021f2058255c754281b2c4.jpg, 1
n02119022_1006_JPEG.rf.4d80add43aba3e2fab918772de5c77fa.jpg, 1
n02119022_3851_JPEG.rf.4c59d77f0b6f4385631fec84cafcd331.jpg, 1
n02119022_6973_JPEG.rf.4e52b0f99b474d2d0d40494d0c3e0782.jpg, 1
n02119789_9546_JPEG.rf.4bae27d3c2ed17c21f5179a4e1adeb07.jpg, 1
n02119022_9167_JPEG.rf.4bd177cbc04ed67723ee18cfe13510e1.jpg, 1
n02119789_11730_JPEG.rf.47e426bff08f2837f43dc2d8598e76e7.jpg, 1
n02119789_2157_JPEG.rf.4b24eaccac8c36f69ecd2d31b7505978.jpg, 1
n02119789_6814_JPEG.rf.48e5fc6680f6954e7b73ef8ec19a2776.jpg, 1
n02119022_9109_JPEG.rf.4dfeef61c3e11ecc6135338e7ad6dbcb.jpg, 1
n02119789_6109_JPEG.rf.4cda98d798fd27e25e1cf3a106c4249d.jpg, 1
n02119789_15389_JPEG.rf.4d1f512a31986d399c3185522921a198.jpg, 1
n02119789_9215_JPEG.rf.4e3ed244a7b441b7146e9eeeb08eab1d.jpg, 1
n02119789_14615_JPEG.rf.4d1f4b9414e6ed901a8516402a2399ec.jpg, 1
n02119022_1328_JPEG.rf.4b4f8cba20799e5b0bd905067da70340.jpg, 1
n02119789_11309_JPEG.rf.499769b0aba9e196bf497823b0bf21d5.jpg, 1
n02119022_12743_JPEG.rf.48940be558b90ea16587aeb1364df55c.jpg, 1
n02119022_8594_JPEG.rf.48676f88a710e34c43d9090f23ca3591.jpg, 1
n02119022_2948_JPEG.rf.4c32c657562006a6e6230b4906b422a7.jpg, 1
n02119022_2225_JPEG.rf.4deeffa54d4fc4dd779cf3b8dbe0b2fd.jpg, 1
n02119022_370_JPEG.rf.49915cd49da614244c696878569802cb.jpg, 1
n02119789_4769_JPEG.rf.4e61d7bee7e973401483cb34c025b2af.jpg, 1
n02119789_4078_JPEG.rf.4e9756a18efa87f3383666615fbd25b7.jpg, 1
n02119789_17215_JPEG.rf.4f352940911944f736cd524466f1886f.jpg, 1
n02119022_628_JPEG.rf.4eec2a9dfabaf0b53da8da6c5f0989bc.jpg, 1
n02119789_15971_JPEG.rf.4f0b9fa23b49df42e49f673788a8c57c.jpg, 1
n02119022_6814_JPEG.rf.4fb1bb7499d80d396ea2d83f3ebab9a3.jpg, 1
n02119022_532_JPEG.rf.50d2e44e73324cdf9e600a143de58cb5.jpg, 1
n02119789_13397_JPEG.rf.4f5fd85c56d34e9797bda48e08b5c535.jpg, 1
n02119789_13545_JPEG.rf.4f602e3bc76c5c1eb212a7d9afff346c.jpg, 1
n02119789_1731_JPEG.rf.5296f2f3b5c28de70014063887113465.jpg, 1
n02119789_2230_JPEG.rf.4f565a69168dc66862867a83437894b9.jpg, 1
n02119022_7402_JPEG.rf.52caeaebb8ae39b494ec87679088f097.jpg, 1
n02119789_15546_JPEG.rf.550024562a73b91581302d34e0875c27.jpg, 1
n02119789_2749_JPEG.rf.51cfa51cb3b536c33b61bde6c1a0e655.jpg, 1
n02119789_6735_JPEG.rf.522af39090a7c0ed97e04cb395acc794.jpg, 1
n02119022_786_JPEG.rf.517f8509577f7cfba439f02d035fa8ed.jpg, 1
n02119789_16964_JPEG.rf.54afcca1fe4b4a502f9896510624b88b.jpg, 1
n02119789_3770_JPEG.rf.557076974f805e98be512c5423acc3bc.jpg, 1
n02119022_5348_JPEG.rf.555d64bd6788db39c6df5e669a566b26.jpg, 1
n02119789_5126_JPEG.rf.55ab636d538ebddb34860059f4f8aa71.jpg, 1
n02119789_6261_JPEG.rf.5019bd88c56d48ee4cdc9705e5791dd1.jpg, 1
n02119022_9765_JPEG.rf.53dba72d8f941952bc65652a095804d7.jpg, 1
n02119022_2525_JPEG.rf.556c94a1767e0780728e9b1c16c06c72.jpg, 1
n02119789_2305_JPEG.rf.4fd2c696dc2696ab0b69022d9a233341.jpg, 1
n02119022_3119_JPEG.rf.559b96890a8eb64838badb47a749bce4.jpg, 1
n02119789_10559_JPEG.rf.50ce495a7b458eb57b28f87564119f12.jpg, 1
n02119022_3607_JPEG.rf.56c87c70a22e83b4fa5398ca6e42bc2d.jpg, 1
n02119789_5939_JPEG.rf.5090e2a3fda010de244185e5565761dd.jpg, 1
n02119022_107_JPEG.rf.57509290a7821e19287b316c26807360.jpg, 1
n02119789_15439_JPEG.rf.567411098e4a2e9bfca2e3b2c18716aa.jpg, 1
n02119022_6532_JPEG.rf.5686e54259710508c218b9bf6f2dfafc.jpg, 1
n02119789_15717_JPEG.rf.55daeccf6c1e79e46b13c5b438fd4202.jpg, 1
n02119789_13816_JPEG.rf.56695bd43c5371829f056fb04b968359.jpg, 1
n02119022_12994_JPEG.rf.584deb6a23d50e47af826c1eea4b6693.jpg, 1
n02119789_502_JPEG.rf.5770c1263a2f09fbfd7e24a6e83929b9.jpg, 1
n02119789_13607_JPEG.rf.5ae642bf111d55e4b861c3c5f63563ce.jpg, 1
n02119789_4397_JPEG.rf.57b249cb37a28e3c545200f948226c7c.jpg, 1
n02119789_4352_JPEG.rf.5b758e7c65deedc1a470fa22ce8377e4.jpg, 1
n02119789_11690_JPEG.rf.576ba55270cc5fb8f0bc5f06b61c7adf.jpg, 1
n02119789_18008_JPEG.rf.586b6e7a879eab3cba6c7018fdd8386e.jpg, 1
n02119789_7090_JPEG.rf.58f043b4f4c433cfade999008c317ba1.jpg, 1
n02119789_4784_JPEG.rf.577a1e927beed938fbddd7e23268fb33.jpg, 1
n02119789_14226_JPEG.rf.5c63398b1f49dc7ced531baeba3ffbf2.jpg, 1
n02119789_17591_JPEG.rf.5ab781279f682b3b38ad17e3c0c670d7.jpg, 1
n02119789_14547_JPEG.rf.5d1d4a19d48e14fe2e03e587c8dc72bf.jpg, 1
n02119789_6118_JPEG.rf.5a8c71afcd604f09eda212f6001c97ac.jpg, 1
n02119022_5320_JPEG.rf.5b5b7cf22918eaca64f1f358f7e9ef8b.jpg, 1
n02119789_4501_JPEG.rf.5d0293a40d217efd8a4dd6c79e40c5b8.jpg, 1
n02119022_3655_JPEG.rf.5c2333c502e143da905ffc049c5eb852.jpg, 1
n02119789_6749_JPEG.rf.5ca42fc9ca8753ab6b102913737859a2.jpg, 1
n02119789_11756_JPEG.rf.59c2bded320da627e158314507bee1d2.jpg, 1
n02119789_17245_JPEG.rf.59e9836df3199c5e9f8246e14bea6668.jpg, 1
n02119022_9107_JPEG.rf.5a6a1887394a99467fb9a81b97df0679.jpg, 1
n02119022_31789_JPEG.rf.58d96dfd38166aab58455023d3fb2c8d.jpg, 1
n02119789_11963_JPEG.rf.5d09b3c8b70f2fd2cc542e28f5802774.jpg, 1
n02119022_9897_JPEG.rf.5d2eadd130338ca48f51c6a4fe898aaf.jpg, 1
n02119022_2257_JPEG.rf.5d9a73d83abe8cad3162b87c91eecec2.jpg, 1
n02119789_1715_JPEG.rf.5ee12bb638377243c48c6e4fe1895ea0.jpg, 1
n02119789_17065_JPEG.rf.5da2b539da1360ad2361c9b786e703b6.jpg, 1
n02119789_6578_JPEG.rf.5e8a352be8dd2532ae4fe693b0509acb.jpg, 1
n02119022_10205_JPEG.rf.5d45ca00f587c287364bf1a1a848bd36.jpg, 1
n02119789_15204_JPEG.rf.5f308dad40af31c1f3e6c0f3f40e220d.jpg, 1
n02119789_16971_JPEG.rf.5f7b543d8910b618e1b452f631e5f5d3.jpg, 1
n02119789_8736_JPEG.rf.5e6604279d70eced6f2cc1e78e47a496.jpg, 1
n02119022_1602_JPEG.rf.5e7d7b244a22d0fed19efd9555dce9f5.jpg, 1
n02119022_11708_JPEG.rf.5d22eae80eb48990f805d29fa23fce48.jpg, 1
n02119022_1628_JPEG.rf.624588a213679b8488d855de04026743.jpg, 1
n02119022_3333_JPEG.rf.60597e3fd729d1f081504023316627a0.jpg, 1
n02119789_8477_JPEG.rf.5fab8ec3f3ef969156558216b416e088.jpg, 1
n02119022_10094_JPEG.rf.61a6f5420d74e7faae65a8a3f0065a88.jpg, 1
n02119789_9743_JPEG.rf.5f10e05221f15ed39710db44a0e9b322.jpg, 1
n02119789_9444_JPEG.rf.5dd716b4eb36297347ec82ae6c4e5763.jpg, 1
n02119789_2696_JPEG.rf.62a3846a69d8152d4d5117657b6f3b1e.jpg, 1
n02119789_14699_JPEG.rf.62fec72db84bf9cf2c01437f40bdce41.jpg, 1
n02119789_6434_JPEG.rf.5dbde4b9cc7c5999c63bee0a90fc3a27.jpg, 1
n02119022_7932_JPEG.rf.5f79732bd4a342dcb0286f3578e19238.jpg, 1
n02119022_13486_JPEG.rf.620717135c876c9d995603a5672850fe.jpg, 1
n02119789_10656_JPEG.rf.6160f5558b18ce8f9f2fee4504b1b96e.jpg, 1
n02119789_16268_JPEG.rf.6314717bbc303f2cf99f831bc81e58f9.jpg, 1
n02119022_7575_JPEG.rf.60595fe0e003006debf198a01a6dcdc2.jpg, 1
n02119022_797_JPEG.rf.611d2a193df9f00793544b2d3d672478.jpg, 1
n02119789_5428_JPEG.rf.613d79f54306903375ef350f4ce39aaf.jpg, 1
n02119022_6986_JPEG.rf.640a822a2609d90fd01bebb89d5228a0.jpg, 1
n02119022_1205_JPEG.rf.643d7e09e5ec32505c642462ed1c8b68.jpg, 1
n02119022_6810_JPEG.rf.643e51cbcb18cb6f13fd74d08149cd2a.jpg, 1
n02119789_1601_JPEG.rf.650c84468b5e81c4ea0803c8ad971a00.jpg, 1
n02119022_8792_JPEG.rf.65da0e00a7ff077ed1ee47ff5f660e36.jpg, 1
n02119789_14489_JPEG.rf.65aebc73479470fa293a006a59a86d28.jpg, 1
n02119022_10354_JPEG.rf.688ce4105586c91a9e7420e55d919c6b.jpg, 1
n02119789_2584_JPEG.rf.65390ab804c35063b7e0b83a6c333183.jpg, 1
n02119022_1388_JPEG.rf.65eb408d4e11176eac8bb0dfe59c6fa1.jpg, 1
n02119789_4192_JPEG.rf.68bfc8e4d7094ce3952af34e0e163fb2.jpg, 1
n02119022_11222_JPEG.rf.6a085e2fc3b580d0624f32c0fc60abb7.jpg, 1
n02119022_2490_JPEG.rf.6676c025f05fc65ed03ffd12d4ed2cf0.jpg, 1
n02119022_11170_JPEG.rf.69f123a337952cb49cc55191ae1142bf.jpg, 1
n02119789_8684_JPEG.rf.6aa607f74e9d75959afe8de6d7167ede.jpg, 1
n02119789_11230_JPEG.rf.654f40a3a7917ceb0d65210a762e4ad9.jpg, 1
n02119022_11508_JPEG.rf.66248ea30ab1820bce6d136a1100a9a6.jpg, 1
n02119022_5898_JPEG.rf.640ad7c2a551f12e4701e460e3c5cfe5.jpg, 1
n02119022_10958_JPEG.rf.68ad0c48b6dac490da0953799ab7b457.jpg, 1
n02119789_8318_JPEG.rf.64b0fb3b18267db3bfb3ab1c705b586a.jpg, 1
n02119022_731_JPEG.rf.665ac0399244f6956ce97acda89ea725.jpg, 1
n02119789_4313_JPEG.rf.66c88a548d8395f0ff1faf9cca39c2a4.jpg, 1
n02119789_7502_JPEG.rf.6b516f69ef2d8969a18afd87ba9ce72f.jpg, 1
n02119789_3425_JPEG.rf.6624a2ca78376d2bba72defc5a9ce125.jpg, 1
n02119789_1161_JPEG.rf.66f64f85b460092072d693b642792617.jpg, 1
n02119022_10731_JPEG.rf.6bf3affded08cba4c497469efb59faf0.jpg, 1
n02119789_10142_JPEG.rf.69ce82fc4cccda9120d0e5904828db4b.jpg, 1
n02119022_13009_JPEG.rf.6d4d0692258b41065435f48f6f32701d.jpg, 1
n02119789_4504_JPEG.rf.6b84db1d5ce336f786553eeef09729cf.jpg, 1
n02119022_8860_JPEG.rf.6c2e2e596e05c767be35d225e2d08ae8.jpg, 1
n02119789_5750_JPEG.rf.6cfbfd2feedd4be05dda85afeb4cebd0.jpg, 1
n02119789_14493_JPEG.rf.6d66cb49b18afb360c318a33b8c8e144.jpg, 1
n02119022_11600_JPEG.rf.6a5434d18a2a82943cc3b94fc99ea6c7.jpg, 1
n02119789_11131_JPEG.rf.6dc3210d02212748c852a95d3fb9f4f0.jpg, 1
n02119022_5016_JPEG.rf.6d685fe3e74c99f491df20a2baa919fb.jpg, 1
n02119789_2515_JPEG.rf.6db0fe2329a04aeabdd7f76f5a265a2a.jpg, 1
n02119789_10076_JPEG.rf.6e42c402550e556b1dfbe42eb84c386f.jpg, 1
n02119022_1519_JPEG.rf.6f28e6b9b643c7228df63b369b5a6a0a.jpg, 1
n02119789_16657_JPEG.rf.6e91fc38b05f1645ff074f9f43da8172.jpg, 1
n02119022_6284_JPEG.rf.6dfb72882ea60a3d35892526d1c04158.jpg, 1
n02119022_3244_JPEG.rf.6ccba0bcf028a1b04692d9d7e1e888ad.jpg, 1
n02119789_11101_JPEG.rf.6d86cac94a715190dab9555359207045.jpg, 1
n02119022_8598_JPEG.rf.6f6df75c12c8b049832e0812b0f1f8b2.jpg, 1
n02119022_11234_JPEG.rf.70910e65f1be0686de4e28244d0b226f.jpg, 1
n02119789_10180_JPEG.rf.70ad016e4f886d28ab407fc58cb64a7c.jpg, 1
n02119022_4705_JPEG.rf.6f367a8af4e06a10540f76c97a8c4af6.jpg, 1
n02119789_14710_JPEG.rf.6fe1375a70b3d1d15358a4bbffd93273.jpg, 1
n02119789_13456_JPEG.rf.6e480c8ec1dcd7e968c8d547893157a2.jpg, 1
n02119022_4611_JPEG.rf.6f32d95b864a8b6322a319a415c7a7b6.jpg, 1
n02119022_8578_JPEG.rf.6f6418f2e49270219592893cbbb9bd30.jpg, 1
n02119022_10621_JPEG.rf.70c83de34be63987c261147233a0e07a.jpg, 1
n02119022_9248_JPEG.rf.6fb4fd06bb376410391557d30ff0bc66.jpg, 1
n02119789_6693_JPEG.rf.720b69c05b9ac3a6416cd734bc56342d.jpg, 1
n02119789_4272_JPEG.rf.72d93985dec181b6a830aaabad500d41.jpg, 1
n02119022_1392_JPEG.rf.7045ff90863186c45ddfaaef2653b003.jpg, 1
n02119022_6480_JPEG.rf.76a9a72eef708fe94fa2918e141c2985.jpg, 1
n02119022_1976_JPEG.rf.742b0ffdb3d0ed3a3c25302e122fb49d.jpg, 1
n02119789_16706_JPEG.rf.78272963bc986e89c5a16470eaa0ebee.jpg, 1
n02119789_9536_JPEG.rf.72d8e9d0e0a8fc9977f6b0a7d452bc89.jpg, 1
n02119789_6097_JPEG.rf.72b10d1d57fa56cdcafe79d853d201cb.jpg, 1
n02119022_5983_JPEG.rf.715d4abda256020167987391cd7ce4b1.jpg, 1
n02119789_10181_JPEG.rf.71c3169e916cbde9381de56569ed5ad5.jpg, 1
n02119022_875_JPEG.rf.77e99009959efd335be45fabcddac3d5.jpg, 1
n02119022_501_JPEG.rf.7786c8d90d8edae58d42bee561f8fbba.jpg, 1
n02119789_1939_JPEG.rf.739701f09db063ae2d8d4ab8fdc73503.jpg, 1
n02119022_11094_JPEG.rf.76bb8df1ee3b43eaaf8421804dbdd945.jpg, 1
n02119789_12442_JPEG.rf.7914051e1e57cc52f32f0dbd3bc86678.jpg, 1
n02119789_746_JPEG.rf.79190cee1fa53288bebcd988f2eb3735.jpg, 1
n02119789_851_JPEG.rf.776041b376e2b32d92a4d18a25ad1dab.jpg, 1
n02119022_15080_JPEG.rf.783d079bd76171c1837105840800a2fb.jpg, 1
n02119789_8424_JPEG.rf.792dac83a9ef3e58ba32b5e83f2e604e.jpg, 1
n02119789_13041_JPEG.rf.7a41ee140fbc2bb04e7d0663e3ce7d0c.jpg, 1
n02119789_14444_JPEG.rf.7a59c4717923ef6f3f7697e75ae00a2c.jpg, 1
n02119022_9124_JPEG.rf.7b7ee80f9d8d38dbfab09ed8538a9f8e.jpg, 1
n02119022_8740_JPEG.rf.7b0cd872550e76d24dbd4335ced0cba1.jpg, 1
n02119022_13571_JPEG.rf.7c07ea6a2e0872c2c4f22b553ac07262.jpg, 1
n02119022_14742_JPEG.rf.7bd33bbecfcf18d0d1cd629526ebac57.jpg, 1
n02119022_8479_JPEG.rf.7ae94a35d8ab308f2dc66af84fdf29f7.jpg, 1
n02119022_8944_JPEG.rf.7c3e24cc0ccc2b4743c51358346353af.jpg, 1
n02119022_9542_JPEG.rf.7c88064d42de8daf30ff458b2e5f9b07.jpg, 1
n02119022_6463_JPEG.rf.7bd8a6aa7d12b5df69b07e90002f828c.jpg, 1
n02119789_17633_JPEG.rf.7c65c6a2fb4bb408dab709fc9f22bed9.jpg, 1
n02119789_15562_JPEG.rf.7d0ae5fe7a2f074949952c9b0b21a2b1.jpg, 1
n02119789_6388_JPEG.rf.7b76d663e1a1fcd8f1a5dc405da91273.jpg, 1
n02119022_1516_JPEG.rf.7e35c9e3c2786ac2a03affe8c6089037.jpg, 1
n02119022_9372_JPEG.rf.7d5aafd1bfafd713bdb64be6cf17bbf6.jpg, 1
n02119022_9683_JPEG.rf.7eb170e5b0ef43c403e0be4eea9e389e.jpg, 1
n02119789_10427_JPEG.rf.7b59ec69e569dcc4cdb96a028b7fc698.jpg, 1
n02119022_30662_JPEG.rf.7ec3dbd3c2bdd3a31bd2280faf8e6cff.jpg, 1
n02119022_6974_JPEG.rf.7eb97d9c2da9085c87112db5d66486db.jpg, 1
n02119022_2024_JPEG.rf.7e03348ff4a85b6846e4b0d556436865.jpg, 1
n02119022_3326_JPEG.rf.7e5bdea11c1f9e775aa67be36069dc8b.jpg, 1
n02119789_6271_JPEG.rf.809b09a6565e3a50bd5d4a3ab38b1c57.jpg, 1
n02119022_23_JPEG.rf.7efebbc19bf3af99f8116330c983bbc7.jpg, 1
n02119789_14282_JPEG.rf.810204d1dc6f31f4c9a7f7fd46b220f5.jpg, 1
n02119789_9575_JPEG.rf.7fe71aa1f8a2d9c8e1c111e15774431a.jpg, 1
n02119022_12006_JPEG.rf.81657116111cbb6c366fd26bca7a47cf.jpg, 1
n02119022_13384_JPEG.rf.820edf9189a56f96567569808afdeb12.jpg, 1
n02119789_1382_JPEG.rf.81d897d481d11a37c095924d65c7a038.jpg, 1
n02119022_12881_JPEG.rf.8235ffe7c9ca3893ec12546af59fe546.jpg, 1
n02119789_1983_JPEG.rf.841a8cf89d252810283ebdb93afcb49e.jpg, 1
n02119022_14197_JPEG.rf.830f4f16b4bc20b599ca97097255f742.jpg, 1
n02119022_10182_JPEG.rf.82d3a8aa96d97706a887bb2fb10ed22d.jpg, 1
n02119789_5996_JPEG.rf.86810fb1d229060f73ac60a0845f9f14.jpg, 1
n02119789_17624_JPEG.rf.85252566b279ea818d291b418087574c.jpg, 1
n02119022_1864_JPEG.rf.831187d0f3b198932681e3d3805c41fe.jpg, 1
n02119022_4952_JPEG.rf.84b9e1ed1b4858b79679eb3bb2aa6923.jpg, 1
n02119789_11080_JPEG.rf.86f81375162fd4dd531504a9bd7e7c78.jpg, 1
n02119022_311_JPEG.rf.80a3e56193a246539867c500ef5109fd.jpg, 1
n02119789_5110_JPEG.rf.81730e0b4b486aee900d617812dc847f.jpg, 1
n02119789_2698_JPEG.rf.84aefec104c8f0d5cd28390e24fb9917.jpg, 1
n02119022_4582_JPEG.rf.84dea03cc31fa3c970caba55dc4aaed3.jpg, 1
n02119022_9656_JPEG.rf.866f31ccbbb40615b0bb799ddb1f19b3.jpg, 1
n02119789_9938_JPEG.rf.86a85ca06eb5ab9563cdbc0fb993dc52.jpg, 1
n02119789_1452_JPEG.rf.85ed8d09a4fa45f5b9bf1e46a640226a.jpg, 1
n02119022_5565_JPEG.rf.8691415fd58eb238e482b9a5910949a0.jpg, 1
n02119789_8862_JPEG.rf.84a6472886dcf3d480dac8b4d684135d.jpg, 1
n02119789_11760_JPEG.rf.85369674eeb8d8d7a42d8c1d3d6b237b.jpg, 1
n02119022_750_JPEG.rf.822d956baee9393a3ef066219264c15b.jpg, 1
n02119022_13895_JPEG.rf.8206b5d570ce642401e573a5392f8cfd.jpg, 1
n02119022_9065_JPEG.rf.834679d50fbab80ac999a8a43ad86adc.jpg, 1
n02119789_14691_JPEG.rf.8734c6794231d550dec76fdcdfe0f89b.jpg, 1
n02119789_9511_JPEG.rf.85d3a352e7ad6c1f2b191a6c5a386914.jpg, 1
n02119022_1049_JPEG.rf.878cb8629bc944d5c0ac4749ebb3bb44.jpg, 1
n02119789_16903_JPEG.rf.879a4224f7735cb63f3b406e2e0158f8.jpg, 1
n02119022_11933_JPEG.rf.870ad101fa4fd79ce846fa688a0c16ea.jpg, 1
n02119022_10029_JPEG.rf.87c45ec5ff2096949472be8fb760c260.jpg, 1
n02119789_10062_JPEG.rf.89cce01ae5171b415b04ebcef024a889.jpg, 1
n02119022_5572_JPEG.rf.8940bcf5e1deacf03011fa951545b862.jpg, 1
n02119022_6767_JPEG.rf.8b295cfa9cc64dcbeaec88354a46c54e.jpg, 1
n02119789_10130_JPEG.rf.88b3fa23e31d1979ebdd48514820111d.jpg, 1
n02119789_9413_JPEG.rf.8d0853246ba0e9330cb22375a84b4215.jpg, 1
n02119789_3029_JPEG.rf.8a22ae98bd441a12c1f82370d713eca5.jpg, 1
n02119022_7350_JPEG.rf.89ac40c35635cc765d3c98bb7455e832.jpg, 1
n02119789_14167_JPEG.rf.89324d1035b7b211cfbfdf249887b64e.jpg, 1
n02119789_8146_JPEG.rf.8c2bbe336ca1c371ff2b9b0ae613c5e2.jpg, 1
n02119789_10921_JPEG.rf.89f5ff1db2ade9b246aa8902fe22f469.jpg, 1
n02119789_1124_JPEG.rf.88442b9dad48b61ba380c1118f9b0894.jpg, 1
n02119789_13500_JPEG.rf.881a9c64fa551bebc148ccf00450b4e1.jpg, 1
n02119789_13373_JPEG.rf.8d283aab2b55ee4d7f7f26e920ef7831.jpg, 1
n02119022_10272_JPEG.rf.8981efcbf2e83d9e6f2393e51b4c872f.jpg, 1
n02119789_9059_JPEG.rf.8c10d5a8983036afbfd75d258afebafb.jpg, 1
n02119022_5411_JPEG.rf.8b05a317cee729398ca6cea2c85926ba.jpg, 1
n02119022_2909_JPEG.rf.8dd7424d907835fc312d170433fa15c8.jpg, 1
n02119789_10157_JPEG.rf.02c2cbff0d580f01a89afee3168ce919.jpg, 1
n02119022_10620_JPEG.rf.02aff8eec32ade9f949d1aabbbe91208.jpg, 1
n02119789_12357_JPEG.rf.00e4be1cfb37a8fb09e32796cf797097.jpg, 1
n02119022_14602_JPEG.rf.02cd62fec9989d6234bfc496f5ef48ea.jpg, 1
n02119789_2791_JPEG.rf.040c7c8336390c925ba927b07bc2a4f2.jpg, 1
n02119022_2217_JPEG.rf.01734f6615671f14277c8bd201014891.jpg, 1
n02119022_3314_JPEG.rf.03bd97364f91d19d3079fc27c52b54d8.jpg, 1
n02119789_12315_JPEG.rf.02ec5d1d57ab3cfd5a5296a89870cd3f.jpg, 1
n02119789_9772_JPEG.rf.03f18480724dd80c1d52e74856c44456.jpg, 1
n02119022_6285_JPEG.rf.01675de576711b67c81bc2ebd18ea2e0.jpg, 1
n02119022_6951_JPEG.rf.01bea01df97bccae1fd94441341b57af.jpg, 1
n02119022_2029_JPEG.rf.041949a6c7f3c0334ac66656597ca92e.jpg, 1
n02119789_8242_JPEG.rf.04338c272f4553b896e1b2488ccb1b7d.jpg, 1
n02119022_1635_JPEG.rf.03b99ca8f22f12c7968ad6085a6f5590.jpg, 1
n02119022_8237_JPEG.rf.0466f95f3d65835f34b24d2b7234e264.jpg, 1
n02119022_2979_JPEG.rf.058fe628321019a573598887ee50c51c.jpg, 1
n02119789_11493_JPEG.rf.04f09f24b3855d4e1c333867be416536.jpg, 1
n02119022_7940_JPEG.rf.04acea103656354d5213de12f27738c0.jpg, 1
n02119789_15534_JPEG.rf.0749c7a730833b53d61ce28fd6ba62fa.jpg, 1
n02119022_1203_JPEG.rf.0826e058ae65a07f9df7c5122bdb94b0.jpg, 1
n02119789_8296_JPEG.rf.091babd73b45d6d14a70020182364a31.jpg, 1
n02119022_8941_JPEG.rf.05c1d3a5d154812bb50dce5d0f6d7ea8.jpg, 1
n02119789_1806_JPEG.rf.0a406af8be60c227adc5ee8dc96caa86.jpg, 1
n02119789_4403_JPEG.rf.050a20403428d9c9d757ab40fd7aa8c6.jpg, 1
n02119789_2736_JPEG.rf.08fa4a4fed2eb3cd9e497d8bd9a677e2.jpg, 1
n02119022_4461_JPEG.rf.06c8fca4e358b09b1fa70d3df6a74ae7.jpg, 1
n02119022_5264_JPEG.rf.09df3593c7fc7fb7f72f47932f7ac5f0.jpg, 1
n02119789_10288_JPEG.rf.0933b507c418fa1a4f89f67c06794181.jpg, 1
n02119789_12458_JPEG.rf.06a4c3a3f7e0bc6a6242e022af15f088.jpg, 1
n02119022_10425_JPEG.rf.09cef9ad101a665ccf58e07bbf02c484.jpg, 1
n02119789_12369_JPEG.rf.0aa6c14922903427d40db4e57310def9.jpg, 1
n02119789_10902_JPEG.rf.0abfdcf752e1ef3670db8ccf98953c26.jpg, 1
n02119789_15654_JPEG.rf.09188891c3600c73b70d340d272a9566.jpg, 1
n02119022_1104_JPEG.rf.09f2a169a90e500e2f2711d2ffd6d619.jpg, 1
n02119789_4254_JPEG.rf.0bb20eaddf6c4876b00608fc29610508.jpg, 1
n02119789_15329_JPEG.rf.0bf59ac1a8b9e97be8baaeee6c5f051f.jpg, 1
n02119022_12988_JPEG.rf.09262c254fbe94c38655038bbb749fc0.jpg, 1
n02119022_1319_JPEG.rf.0d35248085ea88af4d86e2e0b197375c.jpg, 1
n02119789_10422_JPEG.rf.0c71fb26e0965c9d23d6d8f78e9e889d.jpg, 1
n02119022_7369_JPEG.rf.0cb3a1dd32a92ecead5096f7cbf41242.jpg, 1
n02119022_4188_JPEG.rf.0e81437509c54f006b91559fca7669c4.jpg, 1
n02119022_9573_JPEG.rf.0ce33b4cb6c54e9d5440edad111cd119.jpg, 1
n02119789_15158_JPEG.rf.0f67e5c61adcd4684cdcf70af9561927.jpg, 1
n02119789_9407_JPEG.rf.0e617d27f079dd1ab6bfb4c0c20acfce.jpg, 1
n02119022_3080_JPEG.rf.1085649d69c809190d5bcc3558b9e6d6.jpg, 1
n02119789_8797_JPEG.rf.10cbf4c1f13d65a774d39e1a7e9d593f.jpg, 1
n02119022_825_JPEG.rf.0d565b6af162fe55296e7b41da11cabf.jpg, 1
n02119789_9683_JPEG.rf.10ee3c9a6edc9e421507c6d637341a80.jpg, 1
n02119022_3530_JPEG.rf.10b9c9669186144f6411b97ea4f7daf9.jpg, 1
n02119789_11484_JPEG.rf.0ef80af0a640ab1a16650f8c299e6794.jpg, 1
n02119789_2212_JPEG.rf.0f7f0969a17272fe4ec679dde68a821e.jpg, 1
n02119022_11335_JPEG.rf.0f3acd5c6a5b6d6cd1513b5e3e63963c.jpg, 1
n02119022_11474_JPEG.rf.0e9bf3d676e3ba28ebf3dde49fa6e069.jpg, 1
n02119022_11807_JPEG.rf.117938122f414180dce593d5a0067049.jpg, 1
n02119022_6486_JPEG.rf.107e614111152d3d703f6d396594bea1.jpg, 1
n02119789_2753_JPEG.rf.1108e9041f9dc85b473b796a07f67ca2.jpg, 1
n02119789_17360_JPEG.rf.11d6f9f4f772fd8b568d7ab10f152019.jpg, 1
n02119022_12258_JPEG.rf.106b858d87a7900bcd5bf15fdc7ae9a8.jpg, 1
n02119022_10296_JPEG.rf.0f99a25f8f4625edc5c97c90c25d783e.jpg, 1
n02119789_17336_JPEG.rf.10452199e8cc95021d3f2276c91c76d8.jpg, 1
n02119789_13048_JPEG.rf.1295b725cd2621fb3145926c83fe621f.jpg, 1
n02119789_10741_JPEG.rf.12d4e06d2ab72e981adef37010ffaf9f.jpg, 1
n02119022_12844_JPEG.rf.0fb8aed43ec58c2df50d0ecae7c94ac1.jpg, 1
n02119789_9029_JPEG.rf.103a61427415fe410343c25ec33f5311.jpg, 1
n02119789_9319_JPEG.rf.11e42f4393f28d154bbda57de6d959f4.jpg, 1
n02119022_721_JPEG.rf.11219939aa1798209965fd55e2c3ed63.jpg, 1
n02119022_372_JPEG.rf.12736e1d7a7024a60e3a5bc0863759d7.jpg, 1
n02119022_10107_JPEG.rf.1195b0f5157e30b08c9a8e234bb418f2.jpg, 1
n02119022_10123_JPEG.rf.136fb0a8c8d620be5f4febd7026e05a7.jpg, 1
n02119022_12194_JPEG.rf.15a29ea361ba90f11ab7fc8b081fbac4.jpg, 1
n02119022_10609_JPEG.rf.1321747f67e924cac29ac039b8a8f1b2.jpg, 1
n02119022_7928_JPEG.rf.15b159d244483456c6d3d3d453e6c4b9.jpg, 1
n02119789_5979_JPEG.rf.131e9931067eab00b31c03d8cad03df6.jpg, 1
n02119022_10821_JPEG.rf.15b8ea54beec69acebab9118b205c2c0.jpg, 1
n02119789_15836_JPEG.rf.1556d7210b190018348950c60ff3f2d4.jpg, 1
n02119789_12702_JPEG.rf.153710fe0fef9189757c411a06ab8833.jpg, 1
n02119789_10086_JPEG.rf.15e5748f6895ff52ecd0923de0c47831.jpg, 1
n02119789_2393_JPEG.rf.165ee6c288bb7c819fc42ed9b18b1c27.jpg, 1
n02119022_3473_JPEG.rf.18e30aece88a4d4d879d1c1f087a7f1e.jpg, 1
n02119789_4767_JPEG.rf.197f9dc050dd79404018b1e988a3758b.jpg, 1
n02119789_2308_JPEG.rf.17b0bd1b543a3e3a693fbea364cb51be.jpg, 1
n02119789_15463_JPEG.rf.1804da4466f7135d103bc3d2b7fe8275.jpg, 1
n02119789_6483_JPEG.rf.186a32f76b62bf348c85a336438b83d1.jpg, 1
n02119022_126_JPEG.rf.17ff778bb0d15ecea8919492e490e1d4.jpg, 1
n02119022_8917_JPEG.rf.1a41df7cbef05c79a873ee576eb47f42.jpg, 1
n02119789_9299_JPEG.rf.1b0df7f7b6d3d365086c882507a18b86.jpg, 1
n02119789_6457_JPEG.rf.19ad5d8ddbd74da5a18b799e98d1561a.jpg, 1
n02119789_1408_JPEG.rf.1b794537c1f505c622e3e23e5115878a.jpg, 1
n02119022_2117_JPEG.rf.184d10ad96bb6561a1328c6098588c3f.jpg, 1
n02119022_7743_JPEG.rf.1e8e2891ea908bb15194318588cd6cb7.jpg, 1
n02119789_2154_JPEG.rf.1eaa80ed02b78d8dfd77436c78ae914e.jpg, 1
n02119022_1385_JPEG.rf.1709cf02a3a726e68cb6e568de992f1c.jpg, 1
n02119789_10243_JPEG.rf.1ee8c9684c6505627937049b4cf0f161.jpg, 1
n02119789_12138_JPEG.rf.1db3e090d4aa3383a5b13f34af3b7105.jpg, 1
n02119789_10399_JPEG.rf.1efecd97285fb8c456e8317c90b405dd.jpg, 1
n02119789_15312_JPEG.rf.1f9b2d910135c41be7bde47c5cd22e94.jpg, 1
n02119789_6092_JPEG.rf.1fb586c6aa4fe9fee350b9911b516e97.jpg, 1
n02119789_5377_JPEG.rf.1c0b3b6e8513723b6da3ff7b186195eb.jpg, 1
n02119022_5990_JPEG.rf.1ba30a0fa50b756d8ce15e529267b453.jpg, 1
n02119789_8260_JPEG.rf.1f64e3635f6251d24422b4f4e5b49360.jpg, 1
n02119789_14912_JPEG.rf.1b574dae00c38ec98dd670ae32a096e7.jpg, 1
n02119789_10378_JPEG.rf.22afa36bb943e390fee62f3690fc2553.jpg, 1
n02119789_15377_JPEG.rf.22f0c3a4c6bb5565590faf4ea4cbcbb3.jpg, 1
n02119022_5944_JPEG.rf.1ee4d446bce58f31aefe869a71d1603d.jpg, 1
n02119022_8133_JPEG.rf.208362d496ecc558269622e33ca48f33.jpg, 1
n02119022_2587_JPEG.rf.23f04236443b9696116507f4ed2d573b.jpg, 1
n02119022_178_JPEG.rf.239b6757f79cf863a2cb86a2e5f127cd.jpg, 1
n02119022_1404_JPEG.rf.2513b9414360f397c4498a8f259d298d.jpg, 1
n02119789_17498_JPEG.rf.1fec30b38a483ae13910bff0f11716ba.jpg, 1
n02119022_1529_JPEG.rf.2513685b0ef46e4e5163e26b3ad7e9d4.jpg, 1
n02119022_3381_JPEG.rf.242f4a3c3d5da33a3a66ab635d6807d1.jpg, 1
n02119022_8711_JPEG.rf.23517c2bf44604a3933931e7b6d3a77b.jpg, 1
n02119789_7609_JPEG.rf.2502a5878559dd5e0cdb255d7f12f385.jpg, 1
n02119789_12027_JPEG.rf.24ad7770bfb36d021b8ea99ab80f1973.jpg, 1
n02119789_11832_JPEG.rf.24ca139655f2c2285cbf0dad36dc8eff.jpg, 1
n02119789_16875_JPEG.rf.26596d2f59a114532788a52d5c547996.jpg, 1
n02119022_7230_JPEG.rf.281fa2d7e0603d5461cd8e18f1fd0571.jpg, 1
n02119789_17988_JPEG.rf.2661f60443b30fe58a62a1b262cefb48.jpg, 1
n02119022_6681_JPEG.rf.2766597a403aab998c409e3d4041ad43.jpg, 1
n02119022_9634_JPEG.rf.2a0ddbc3f459bd6ada95c82f27520276.jpg, 1
n02119789_11341_JPEG.rf.26bf493338cb342a21603debbca34f1b.jpg, 1
n02119789_10189_JPEG.rf.2833bbfb015dc155a9ecbc0c17bad14a.jpg, 1
n02119022_10428_JPEG.rf.2540f6aaaddebbaa87902d62218f6a29.jpg, 1
n02119789_17543_JPEG.rf.28eeadc8f905bb9f2dcd36fd1ed013c5.jpg, 1
n02119789_16963_JPEG.rf.25561617855af6a01eca0ff31d1ea84f.jpg, 1
n02119789_1030_JPEG.rf.2733af84c9bfb866464f2fdc56226e61.jpg, 1
n02119789_3238_JPEG.rf.2997d33610e92bc51f93f333892ee99e.jpg, 1
n02119022_5356_JPEG.rf.2653a983caeb2d94e56a65be20451948.jpg, 1
n02119022_980_JPEG.rf.29bc022ef07673b3092577f9cee49628.jpg, 1
n02119789_12194_JPEG.rf.2b68495aff8e2e3aa0f0729deac8cf0d.jpg, 1
n02119022_3559_JPEG.rf.26c54f0f964ea3e2c354c9ce59d63131.jpg, 1
n02119789_3760_JPEG.rf.211f58135f4fa4e3f917e9b341960f34.jpg, 1
n02119789_16375_JPEG.rf.253c6fda018c0e55b7bcfadcdcc3c3e0.jpg, 1
n02119789_15472_JPEG.rf.28e23513f7e651712550955ea69a4c05.jpg, 1
n02119789_9638_JPEG.rf.2bca7fcb4b92c67889051ddf03e1d7ba.jpg, 1
n02119789_4997_JPEG.rf.2b1c221c99e0cdfd921db6b192aba62d.jpg, 1
n02119022_9030_JPEG.rf.2a758af31bdb8d6a819f4b8ee73ed043.jpg, 1
n02119022_5789_JPEG.rf.2a2d8826306330a5eb8a8b3590e1c65a.jpg, 1
n02119789_15564_JPEG.rf.294146b1488bc6ea5decd24686042602.jpg, 1
n02119789_11587_JPEG.rf.2d27016631dd0c3ae25743c8a7b8f7bf.jpg, 1
n02119789_2190_JPEG.rf.2c5b2d4d50d61e99ca40902d6d29e49f.jpg, 1
n02119022_4909_JPEG.rf.2c75c34d87e3c6655bbc7f50dd580f4b.jpg, 1
n02119022_8042_JPEG.rf.2d352cd7b58c931d95bc7de4e9aa93bc.jpg, 1
n02119022_10026_JPEG.rf.2d58c7cd988062f254f00ac72f9a91dc.jpg, 1
n02119789_3334_JPEG.rf.2b78d57e6c8d9995253db379596a3b83.jpg, 1
n02119022_7058_JPEG.rf.2e8581114daa2dfd3992e0f0f04dfb7a.jpg, 1
n02119789_6201_JPEG.rf.2ebf57fe0b05d700adfc1e8f59a9b48d.jpg, 1
n02119022_12033_JPEG.rf.2ce4a8ad5557d7f144416a445784dea3.jpg, 1
n02119789_17202_JPEG.rf.2ebd50534a219f0e5840ccfd586283e6.jpg, 1
n02119022_8197_JPEG.rf.2ee11192ee67830a6e698cae6e29bb04.jpg, 1
n02119789_4701_JPEG.rf.2ffd4e8a1943d951cbda43d14355bd5b.jpg, 1
n02119022_7229_JPEG.rf.31980084fc7d439e4071e3f262e251c6.jpg, 1
n02119789_956_JPEG.rf.3049bec5e6416adc60e4f83ae2e6fa2e.jpg, 1
n02119022_678_JPEG.rf.2f57eb1d66c9fc901f14d2d9e579bdd8.jpg, 1
n02119789_5347_JPEG.rf.2ff1a0eff98e122b1b4251f8339880f7.jpg, 1
n02119789_10383_JPEG.rf.3160f235300e06b9a4602de4533e39d2.jpg, 1
n02119022_3337_JPEG.rf.32b709c9870406d19509967f72203360.jpg, 1
n02119022_1415_JPEG.rf.32c08b6ad859e8024f7ca584a024db71.jpg, 1
n02119789_17378_JPEG.rf.31e5fd64929408f085eae34c576097d7.jpg, 1
n02119789_8926_JPEG.rf.3408930ed79dbd820b9aff6bdbb0cfdd.jpg, 1
n02119022_4344_JPEG.rf.34c0656728893bea1b55cfbe05840b27.jpg, 1
n02119022_4095_JPEG.rf.349b781d46ce1a191822ad3ab82afddc.jpg, 1
n02119022_1903_JPEG.rf.33150292f9c3e73056065b6049ed6072.jpg, 1
n02119789_15647_JPEG.rf.31bf11542006518455ef056f34bc32c9.jpg, 1
n02119789_3947_JPEG.rf.34c698d6a81b8981059a413a51823929.jpg, 1
n02119789_9931_JPEG.rf.347016cc95f4731ac112c0f3722735f1.jpg, 1
n02119022_9007_JPEG.rf.34236045e4f840b231b8f2aea0d9e3e3.jpg, 1
n02119789_13880_JPEG.rf.35f972ce3a93276144e6cbe35ec3621a.jpg, 1
n02119022_741_JPEG.rf.34b60aa399dfee68e83cf97af2faf5fe.jpg, 1
n02119022_1105_JPEG.rf.321cebf21ed388c0e8bcc1bcd4bb2e73.jpg, 1
n02119789_14504_JPEG.rf.349ffd50d3a73cd63757f4ee4491a802.jpg, 1
n02119789_1956_JPEG.rf.34ce10dea0efc50000ef5517cf6787ae.jpg, 1
n02119789_10143_JPEG.rf.3542197997cf04bb98569963a2f51ce9.jpg, 1
n02119022_9340_JPEG.rf.32e07a61cfe065dea580050020811b4d.jpg, 1
n02119789_8682_JPEG.rf.36cb10d86ea09536e4b2c46c7a6a421c.jpg, 1
n02119789_7519_JPEG.rf.35634735083e8b71522c476a5f12fd0d.jpg, 1
n02119022_2421_JPEG.rf.366800f101c19b09595a9869a35b1001.jpg, 1
n02119022_5637_JPEG.rf.3759d7203fe53d6d5f73116f087a29c3.jpg, 1
n02119789_2600_JPEG.rf.3719c138f8f5df68af65a2046639cb08.jpg, 1
n02119789_10236_JPEG.rf.37606b1f260bd8672d88312ef1bf0671.jpg, 1
n02119789_16179_JPEG.rf.36d269eff63f1e8bace8f3d45255aed9.jpg, 1
n02119789_4903_JPEG.rf.37885999e6de410a1995708a29b105be.jpg, 1
n02119789_2435_JPEG.rf.39e994d40f95a5c7721d43521f8d41d4.jpg, 1
n02119789_4785_JPEG.rf.37868d56081169a88e6c6191d0b8a772.jpg, 1
n02119022_1873_JPEG.rf.3acc4a0ff90514c4df6ada7ae3858346.jpg, 1
n02119789_16836_JPEG.rf.377e1d0e6bccbda6425a51d54c1ae4c7.jpg, 1
n02119789_10300_JPEG.rf.3bfba4ee2bf39b3a08877b6053aca26a.jpg, 1
n02119022_6085_JPEG.rf.3852dcde5d1fd4ca38d85087f70a8b6e.jpg, 1
n02119022_10008_JPEG.rf.3cbb6b7468af00150a76fca73b31f67f.jpg, 1
n02119789_14966_JPEG.rf.3a8ca89ee6404bb7ad81b76bfec6693b.jpg, 1
n02119022_8396_JPEG.rf.3c7f56ea65cbc7728b8131088311812a.jpg, 1
n02119022_11057_JPEG.rf.3afcd2e906cf3c3fe9f823767ead9aa2.jpg, 1
n02119789_4083_JPEG.rf.3a21d1ea6ae2f559ee966f2b9fa4bc02.jpg, 1
n02119789_15344_JPEG.rf.3766055f8b849ddb5dedcc2dd303b93a.jpg, 1
n02119789_8957_JPEG.rf.3bd5f9f7e0ed24f4a76428e5c64abcdb.jpg, 1
n02119022_13638_JPEG.rf.3c788ce96eb4c431c0a355727d7a2fd0.jpg, 1
n02119022_10539_JPEG.rf.39d0cd7b261babddfa663b14ad8bba1e.jpg, 1
n02119789_9333_JPEG.rf.3ca8cbd93238f1ce530531b34a282fbc.jpg, 1
n02119789_1380_JPEG.rf.3cc822d1d91489960bec69b90ab0fdb7.jpg, 1
n02119789_2159_JPEG.rf.3d92e037647ec4f9846e5125524b1d6c.jpg, 1
n02119789_17607_JPEG.rf.3b24a4505881b7f972d96ab188004252.jpg, 1
n02119789_655_JPEG.rf.3dd061528b668b798a0afba9402916ea.jpg, 1
n02119789_1490_JPEG.rf.3a71cf86152e038568fa06671f47687a.jpg, 1
n02119022_1158_JPEG.rf.3c05921553bd7c0cf5007fb0ec583ca4.jpg, 1
n02119789_12721_JPEG.rf.3c92251a6bc07fc53a178ddf546fbfb2.jpg, 1
n02119789_9368_JPEG.rf.3da19fb4ddf61427cd92fefda4a5d37d.jpg, 1
n02119022_2789_JPEG.rf.3d03c4a27c1d323521aa84d52a823f7d.jpg, 1
n02119022_8055_JPEG.rf.3ba8302849d67e4fa30bbccdaacc4a3c.jpg, 1
n02119789_3315_JPEG.rf.3dd56841e4527a74fb4801c41594f75b.jpg, 1
n02119789_3260_JPEG.rf.3e3bba2378ffffded63eec7ca9528ab6.jpg, 1
n02119789_3955_JPEG.rf.3f3736031868f4391d6da2f2b5fd7261.jpg, 1
n02119789_17133_JPEG.rf.4053fe6bbbec9935fe6c1f3ff4ffa362.jpg, 1
n02119022_13126_JPEG.rf.3f46e7d2682d097a32f7ec76f385f97a.jpg, 1
n02119789_14566_JPEG.rf.4000ea2f250111b895841d893c1324d8.jpg, 1
n02119022_6712_JPEG.rf.40be52968ac4cd38845973955689edcb.jpg, 1
n02119022_3560_JPEG.rf.3e2d6dbe91679684f4a2f0a447c91519.jpg, 1
n02119789_17775_JPEG.rf.3f834d46cf0133e480d7a40c22df8e3f.jpg, 1
n02119789_13134_JPEG.rf.41d58c16898177eedb9d4ec8c792cc94.jpg, 1
n02119789_1126_JPEG.rf.41d8d0e296c93aa1bcec1baf00dfc3bf.jpg, 1
n02119022_3000_JPEG.rf.41136143195259c42e76933c8460224c.jpg, 1
n02119789_8959_JPEG.rf.42056f246ef5335d5ffc6ccccc0188a7.jpg, 1
n02119022_3786_JPEG.rf.4413563b85ced319139e06523dbaa97d.jpg, 1
n02119789_12923_JPEG.rf.416bd5522a06c09897ad8f8584669ecd.jpg, 1
n02119022_14298_JPEG.rf.453d90f64101974eca993ebc17a5ce73.jpg, 1
n02119789_14862_JPEG.rf.445e792785ab0ac70069c3c5fde81919.jpg, 1
n02119022_7166_JPEG.rf.4355f72222e23e6fadd3eef4b128e062.jpg, 1
n02119022_13289_JPEG.rf.46a01c1b33c7c1a5092103ef1426d327.jpg, 1
n02119789_12483_JPEG.rf.4689025850b05d289ad39d0a51121061.jpg, 1
n02119022_1463_JPEG.rf.448a14c0bdeaf44cf976eb5fcffa1542.jpg, 1
n02119789_15771_JPEG.rf.46e191c7b125909d3ccf66b41dc6fc20.jpg, 1
n02119022_1324_JPEG.rf.42c4d1508aa64558a0a18e97fa973f93.jpg, 1
n02119789_17567_JPEG.rf.4640f0f099ae5a519cdbf2db5381a7c5.jpg, 1
n02119022_5271_JPEG.rf.44994a02cd89d701b06a850897ce436c.jpg, 1
n02119789_11008_JPEG.rf.4576cd07da0cf2be37900cdd3345bc40.jpg, 1
n02119022_13112_JPEG.rf.4764022cbf525fcd7de4e06033c22d3f.jpg, 1
n02119789_9774_JPEG.rf.4651d1b481ddc4e72e813fee7665a109.jpg, 1
n02119022_1620_JPEG.rf.445c7b669c3d785a59b5a03e2e7328de.jpg, 1
n02119789_10619_JPEG.rf.8f0eaf40a7af6766f7669a4e5b472faf.jpg, 1
n02119022_697_JPEG.rf.938c03b5d84be4079436e52ba3c20aba.jpg, 1
n02119789_13484_JPEG.rf.8dfc985084e9346840830440636676b1.jpg, 1
n02119022_9239_JPEG.rf.928ced05a6e945110730b521c1a14aa9.jpg, 1
n02119022_7305_JPEG.rf.90a37d8b60b9ce58bbe1ff509458087b.jpg, 1
n02119789_16019_JPEG.rf.8f38c7ec52c371bf8f38e3bb5379dd8f.jpg, 1
n02119789_2021_JPEG.rf.9364f831cfc263b8ff61e4392d426c18.jpg, 1
n02119789_8139_JPEG.rf.8f90b96cc2112cd38a2b4f62b6a00d0d.jpg, 1
n02119789_10160_JPEG.rf.8fe706f9dcd93245b104a23365810af5.jpg, 1
n02119022_1781_JPEG.rf.94795719fa7589a820236197de825e73.jpg, 1
n02119789_10238_JPEG.rf.8f7118126af7feb255d146438950bac9.jpg, 1
n02119022_8204_JPEG.rf.931298da6a23fe550b3d93ef147c40d1.jpg, 1
n02119789_10248_JPEG.rf.8e1f6713f59f64c9a7f8b81c10556682.jpg, 1
n02119022_10767_JPEG.rf.92ef28800c46dc43eee3e0bb241f2a1f.jpg, 1
n02119022_6452_JPEG.rf.8fd1259c4f8ce8efa17befb63f59bc7d.jpg, 1
n02119789_8126_JPEG.rf.916f84549c54a4492364c8ca2f9399c3.jpg, 1
n02119789_2118_JPEG.rf.929e5033cfaf51847e16a94a012840bc.jpg, 1
n02119022_13004_JPEG.rf.9381d22910ec828305269da515b83781.jpg, 1
n02119022_5696_JPEG.rf.8ec0f17101763046d4b7639c856c3c43.jpg, 1
n02119789_4634_JPEG.rf.8f7737a7dfde2ef16a838ddd18207f80.jpg, 1
n02119789_18083_JPEG.rf.91ea78925de0f7a4f18afffc879589e9.jpg, 1
n02119022_3166_JPEG.rf.926c4dfe32f528bfa134b57d3165a528.jpg, 1
n02119022_1353_JPEG.rf.9597cd728c5f8c420fa4b7f61a1502f9.jpg, 1
n02119022_5906_JPEG.rf.95b0be9e4626c398a8d27407d419de1a.jpg, 1
n02119022_3526_JPEG.rf.960cbae6f6200acd9014b8a4ea5d346e.jpg, 1
n02119022_10503_JPEG.rf.95eec055be1c737cd8ae19dfcb2f5ee3.jpg, 1
n02119789_17039_JPEG.rf.962edbb94ee5b415672097e222d719e8.jpg, 1
n02119022_13218_JPEG.rf.94b1c8b0ce6a1e5cdc7148c1e77f6815.jpg, 1
n02119022_2932_JPEG.rf.95fe474b5cac4db1bf75275031fbaf37.jpg, 1
n02119789_9292_JPEG.rf.92fc7ce24fab5e7fae6253e7c9619ccd.jpg, 1
n02119022_6303_JPEG.rf.93c8b3864170d0715d6054021ef47f2d.jpg, 1
n02119022_12576_JPEG.rf.941f70a1dae7eac88cd4f10b78e7f7bc.jpg, 1
n02119789_11797_JPEG.rf.96a092928e47fe16b15a14cfd1238b01.jpg, 1
n02119789_15915_JPEG.rf.961de589b979a3631d2dd1e63b272c93.jpg, 1
n02119789_17680_JPEG.rf.97707ab7c1a6592d8b507bab49d65fcc.jpg, 1
n02119022_3843_JPEG.rf.9799c5e403a2ceaaba78cfae4562398e.jpg, 1
n02119022_10538_JPEG.rf.9906864dcc0580450ac2e9f3f8352265.jpg, 1
n02119022_5917_JPEG.rf.97afc5a21f406405a44e91b2d1c9b83c.jpg, 1
n02119022_13907_JPEG.rf.987a10494cb966d3e0602b6f2fb7eb21.jpg, 1
n02119789_8197_JPEG.rf.99562f49b980f8b77c455bf31a60c1b2.jpg, 1
n02119022_5051_JPEG.rf.999ab7aef21b36634ac934bfc2731f4a.jpg, 1
n02119789_17537_JPEG.rf.9ac318a6d0ee917d321af958d5948449.jpg, 1
n02119022_5611_JPEG.rf.9b692f36ed0635600dfdee7a641e95d7.jpg, 1
n02119022_27444_JPEG.rf.98d1b9a2bd35a671dccee8ca340c8192.jpg, 1
n02119789_14906_JPEG.rf.9b27d79ce5847832253f1d588fc07038.jpg, 1
n02119789_12996_JPEG.rf.9a35567d2cf2716933c1daec6a09029b.jpg, 1
n02119022_14267_JPEG.rf.98d28bf2b8005ef90741fcba4adb89f4.jpg, 1
n02119789_2545_JPEG.rf.9f69deaefab22a4ad660574e2732e7e3.jpg, 1
n02119789_2947_JPEG.rf.9a6a95fd188fbe9553fd918bbcc9e4d7.jpg, 1
n02119022_13509_JPEG.rf.9ebfb02217129e1e0758e478e5e0e6f0.jpg, 1
n02119789_9089_JPEG.rf.9e58ccdef6badc2d05a3dbb95b3bb56c.jpg, 1
n02119789_9385_JPEG.rf.99f0a035f51735a6a9acc91238119234.jpg, 1
n02119022_8299_JPEG.rf.9b43c0f8b50c013ff2d455522ff8b2bc.jpg, 1
n02119022_3073_JPEG.rf.9bf83c22563f5363656e930e3f52b74a.jpg, 1
n02119022_4077_JPEG.rf.9cd77cfabda3d2a5248cac89a1eecb4d.jpg, 1
n02119789_8883_JPEG.rf.9f005432f8f8da604e72346ec593eea8.jpg, 1
n02119022_11715_JPEG.rf.9c66159971306fb3264e20b4c089b2a0.jpg, 1
n02119789_13567_JPEG.rf.9fe05ddde639933b33fe04b65f931abd.jpg, 1
n02119789_15170_JPEG.rf.9bc9c08275a16dedbac1afe12421b9e3.jpg, 1
n02119789_14326_JPEG.rf.9ed566e8e3da504628041296a2243bfd.jpg, 1
n02119022_8253_JPEG.rf.9eb7260bef79974dcbf27a9a0aa1678f.jpg, 1
n02119022_975_JPEG.rf.9d1880b9652ea55a09eccd564fa0d8ba.jpg, 1
n02119022_6137_JPEG.rf.9c4ff7195ce7c054888abe6740142500.jpg, 1
n02119022_12717_JPEG.rf.9faf1c3cff16dc61ae7335548fbb3262.jpg, 1
n02119789_7885_JPEG.rf.9fb7352810ec7085bf4a2e0240b4af5b.jpg, 1
n02119022_11998_JPEG.rf.a2d56d6a7aa4b025509223c01c171028.jpg, 1
n02119789_17176_JPEG.rf.a19229c1f2027e5390b48eda7eee191f.jpg, 1
n02119789_15603_JPEG.rf.a1afc8e85e1187d06f4c0a66268aa618.jpg, 1
n02119789_12477_JPEG.rf.a2aa33716bf81547499bbf0efafffd0e.jpg, 1
n02119022_9747_JPEG.rf.a243e98a3f6f39683fd036fbb41af531.jpg, 1
n02119022_14463_JPEG.rf.a0d684011b897bba804892daa87774c4.jpg, 1
n02119789_2580_JPEG.rf.a5e33fa5233f67199dedc8a87fde61ef.jpg, 1
n02119022_2018_JPEG.rf.a3d8f2d6bb1dda8237325036e12a9968.jpg, 1
n02119789_8510_JPEG.rf.a359e4620bb8f82485d9df8f8ef8f0c2.jpg, 1
n02119022_2424_JPEG.rf.a2712c06283ab88fb9856acb045300f4.jpg, 1
n02119789_4926_JPEG.rf.a6de0d42902aaa8b616b24af30d15a13.jpg, 1
n02119789_812_JPEG.rf.a02b344df159413dd8bb35297d318c5b.jpg, 1
n02119789_9451_JPEG.rf.a65500d4fbb4fcb5ce39d78161936a12.jpg, 1
n02119789_12618_JPEG.rf.a3a57068b823921bdd9c4d9f8e654a90.jpg, 1
n02119022_11102_JPEG.rf.a76aed95602208d4d00a96f478bd949c.jpg, 1
n02119022_7171_JPEG.rf.a596b0110834847b160f393a51227227.jpg, 1
n02119022_14502_JPEG.rf.a4d1afd9093028cc6d907843cc4cce9d.jpg, 1
n02119022_373_JPEG.rf.a0dcaf9a8166181d3af809430012c236.jpg, 1
n02119022_3833_JPEG.rf.a35a23d99c094aedd0f9ae455d5d1406.jpg, 1
n02119022_7559_JPEG.rf.a3d05799d180db231f224390ca6cc7af.jpg, 1
n02119789_8983_JPEG.rf.a34b8174cf8d67c9d1d0d33f21f37847.jpg, 1
n02119789_14903_JPEG.rf.a61cbc9d5f550539695d681fd18ddfb6.jpg, 1
n02119022_10247_JPEG.rf.a82149bcbfae8c813b768fe96db576c0.jpg, 1
n02119022_2056_JPEG.rf.a88b9ac1d3c81406f765ca54a7ed1ae7.jpg, 1
n02119789_7726_JPEG.rf.a643081581eed2b519bcd0aee37c5b8d.jpg, 1
n02119789_11598_JPEG.rf.a9213437d1107e0bfce5542cb77f713f.jpg, 1
n02119789_4361_JPEG.rf.a91eed68a85efe84e81efc1f8f6b64d5.jpg, 1
n02119022_3441_JPEG.rf.a8f9c007a5e380fd2bb5317aa3c091a2.jpg, 1
n02119022_7425_JPEG.rf.a951dbf60c1b385757d2139cc4e660db.jpg, 1
n02119022_3063_JPEG.rf.aa14c9efabf8963b45bc83d686c9bc01.jpg, 1
n02119022_5893_JPEG.rf.aac9b3a751c94c6a3f6f882976b2ec1a.jpg, 1
n02119789_9655_JPEG.rf.aa4f9ddb47637297571bb2cd84070816.jpg, 1
n02119789_7902_JPEG.rf.aa4a22c3799486e04f151fc69b8e8405.jpg, 1
n02119022_11401_JPEG.rf.ae0c872df1b63504bef6c79898192daf.jpg, 1
n02119789_13194_JPEG.rf.aabe5cd9a8377951cacc6610c1c7fc1a.jpg, 1
n02119789_12680_JPEG.rf.acc4249fb4aaa5e34f20332e2a1d32cd.jpg, 1
n02119022_15648_JPEG.rf.ac856226a961642aff640722f019107e.jpg, 1
n02119789_9996_JPEG.rf.ace7bbb699770bd4f57d2cf5525030c9.jpg, 1
n02119789_2074_JPEG.rf.a9d1afa2b97045e5f53a87b2ab727526.jpg, 1
n02119022_4291_JPEG.rf.a9cac8a1a55477f6f83b1b2c6739032d.jpg, 1
n02119022_4754_JPEG.rf.ae7b4e4da82240b872f8ae9f2ac68b32.jpg, 1
n02119789_5430_JPEG.rf.9ffb63ab4110e1d6488991c46fd926ed.jpg, 1
n02119789_9936_JPEG.rf.ac36feb2c6abb84638adb03a51eb442f.jpg, 1
n02119789_17888_JPEG.rf.aecd4639d00d101f7131ff737be4ee54.jpg, 1
n02119789_4214_JPEG.rf.a96a690e5c8f1b84f41f689ded80fd26.jpg, 1
n02119789_17243_JPEG.rf.ad00713c672ab9cedfc87d836777637b.jpg, 1
n02119789_3612_JPEG.rf.ad2509e3bfbd531c470186d99975f59f.jpg, 1
n02119789_15863_JPEG.rf.af4ad24853d6e049eb8dd82185c58235.jpg, 1
n02119789_2205_JPEG.rf.abb3d7c4b80ba5aba07a271543d607a3.jpg, 1
n02119022_9838_JPEG.rf.a9a5c21410f667f3ea4a8e6a8bc30c9e.jpg, 1
n02119022_6996_JPEG.rf.ae0e4c836751ed2180dbebcf51278c55.jpg, 1
n02119022_12055_JPEG.rf.b15827f5392a153c335827dce42b4e9d.jpg, 1
n02119789_10015_JPEG.rf.aebebae4f951d8857aed79f1dfff5a97.jpg, 1
n02119789_3358_JPEG.rf.af7dfc50e3a6bce1636afe757bdcef18.jpg, 1
n02119789_14182_JPEG.rf.b18727e6e3f3b7a0867c6eb68cfe9ccf.jpg, 1
n02119789_10141_JPEG.rf.affe1e64fbcb973956a5b7fc315f109b.jpg, 1
n02119789_16970_JPEG.rf.b15adff1e6969d364b5cfedd2cff2865.jpg, 1
n02119022_5361_JPEG.rf.b1f2cd675df6dd8f8d026424231b1364.jpg, 1
n02119022_5036_JPEG.rf.b14881dfb9674b18528f1fcb1df495e3.jpg, 1
n02119789_9206_JPEG.rf.ad44b74a90ac5327f4c535f4e89d3b09.jpg, 1
n02119022_582_JPEG.rf.b1dad89cbde9534bc7e8a9f97f615f6d.jpg, 1
n02119022_9775_JPEG.rf.b23f276131e8ae90a7aa2b1aad869792.jpg, 1
n02119022_5349_JPEG.rf.b5df526eed31f9939c79c272535a8a5e.jpg, 1
n02119789_17777_JPEG.rf.b27f625ece488f9944bd6d7f63529019.jpg, 1
n02119789_17235_JPEG.rf.b36a0403dad22cc6f56d51a0c3493005.jpg, 1
n02119789_12942_JPEG.rf.b4edd5f154d57420969a716c5726827c.jpg, 1
n02119022_6080_JPEG.rf.b7064017f82dac8def7c23355e6e2e38.jpg, 1
n02119022_8334_JPEG.rf.b58b36e91df624d59e6cd10e7e34497d.jpg, 1
n02119789_17011_JPEG.rf.b487810c08cdd0a76991aca361a76605.jpg, 1
n02119022_11098_JPEG.rf.b50390c98147454edcd455243507397c.jpg, 1
n02119789_5424_JPEG.rf.b7cf27923182e883ad3e959bf86eccdc.jpg, 1
n02119022_785_JPEG.rf.b68180a79bde41c16f3d5d0a6dddf7ab.jpg, 1
n02119022_3554_JPEG.rf.b61f5d9281d73696922bd1b7b8bf71b8.jpg, 1
n02119789_756_JPEG.rf.b5826dd68b12ed440fe6011aa9245369.jpg, 1
n02119022_2657_JPEG.rf.b4e4f1c92c63508d39ed222ff0e0a29f.jpg, 1
n02119022_1644_JPEG.rf.b25e8fe487a970905d7e26e597ee81e2.jpg, 1
n02119789_10261_JPEG.rf.b7f4d4a54f3a98093f78609cc32a846f.jpg, 1
n02119022_6717_JPEG.rf.b863cfaa5275b91fcc22a41321dc098f.jpg, 1
n02119022_5861_JPEG.rf.b6ac7d57084032094b044c158041c1ae.jpg, 1
n02119022_6174_JPEG.rf.b89dd7ac69a293eb50013822471d9d57.jpg, 1
n02119789_9081_JPEG.rf.b81261c9533d57fdbcbe4043831499df.jpg, 1
n02119022_8999_JPEG.rf.b7fd11b5c402afbbc8ea8d41c0ee6dcf.jpg, 1
n02119789_1786_JPEG.rf.b5ab37f58aac19fed2c1ba0a0b3225ad.jpg, 1
n02119022_5359_JPEG.rf.b4c2169936aac190ef9b58bff9b60b1e.jpg, 1
n02119022_5710_JPEG.rf.b91867db98da2717c9d06cc0367ff708.jpg, 1
n02119022_9521_JPEG.rf.b9fa1b231253edff54aeee3396136b5e.jpg, 1
n02119789_14250_JPEG.rf.b5027fb8b5440bc11ce566eb83d36cce.jpg, 1
n02119789_11302_JPEG.rf.b8a2c8f93c997b5f170ae7ed6244bc78.jpg, 1
n02119789_15730_JPEG.rf.bad285044111d9157d46fcb1f10707d5.jpg, 1
n02119789_15623_JPEG.rf.bbc15d43f003ed05f06126005e8daeee.jpg, 1
n02119789_9663_JPEG.rf.bbc62e0e1c92358bca7e8180e9e0a855.jpg, 1
n02119022_138_JPEG.rf.b9fda26646f36c4ac066843e7ee8585a.jpg, 1
n02119789_9161_JPEG.rf.bc1790614fb10e130f7f5373539a3855.jpg, 1
n02119022_571_JPEG.rf.bcee1fbe4d9a4616d328c65b0ef46ba9.jpg, 1
n02119022_5394_JPEG.rf.be0eca1d9561588eec0508ad878f9dfa.jpg, 1
n02119789_12092_JPEG.rf.bdbf788f35f61b6d63f3344324656a81.jpg, 1
n02119022_12841_JPEG.rf.bc59c0ebb2c10f9c2ffc25542e022a27.jpg, 1
n02119789_5477_JPEG.rf.bd512d94cb6494c666f8e36e8c4209dd.jpg, 1
n02119789_1838_JPEG.rf.bab9183f11e471bf3c44c1cd09e00fc8.jpg, 1
n02119022_3283_JPEG.rf.bfc8ff5ead6ec14d212b4bc525ca126c.jpg, 1
n02119022_2439_JPEG.rf.bcaab8e2e48ff0fdc7539b1d0c20a292.jpg, 1
n02119789_12571_JPEG.rf.be559ca4260a4814657efe8e2b9618f3.jpg, 1
n02119022_13091_JPEG.rf.bd6c1e82761be5cc2588278ee35b9041.jpg, 1
n02119789_4518_JPEG.rf.c0beb522d26e5823806dcd638a629073.jpg, 1
n02119022_10242_JPEG.rf.be815c85f574ec74df51373e20f4da3e.jpg, 1
n02119022_3457_JPEG.rf.c1008da663430fa283bd9c382359e4f2.jpg, 1
n02119022_8361_JPEG.rf.be8b28293b3b2f17bc83fcb2dde63f58.jpg, 1
n02119022_11266_JPEG.rf.be758fac7c8d605073c6486ab678e748.jpg, 1
n02119789_14597_JPEG.rf.be2dc8ca969624b0cdc72fc72be98039.jpg, 1
n02119789_5877_JPEG.rf.bf2e0b325cfe2b12609df38cf77625dd.jpg, 1
n02119022_13245_JPEG.rf.c068f1f143eaca610cc29f0620c1814a.jpg, 1
n02119022_10744_JPEG.rf.c2767425354b48d9907b6d3ad3f68987.jpg, 1
n02119022_5350_JPEG.rf.c091b8d80719c1c7bdb4814f736071c1.jpg, 1
n02119789_14379_JPEG.rf.c2b4f228096a0b874f7db7689a6a6011.jpg, 1
n02119789_15580_JPEG.rf.c2cf26b88e940c0e8029c47cc4c9d118.jpg, 1
n02119789_4280_JPEG.rf.c5061f2ead46fe51993d96f6b34c275d.jpg, 1
n02119789_14005_JPEG.rf.c43f65bbc9d79096fd174b6f0d75cddb.jpg, 1
n02119789_731_JPEG.rf.c4a326d3ac2bb3e8f26bef41c438ee86.jpg, 1
n02119789_3550_JPEG.rf.bfd3d38d8c1057d0b287d3395f5223f0.jpg, 1
n02119789_2707_JPEG.rf.c037fe72fe9c1bb819dfa88a4d7c1722.jpg, 1
n02119789_17774_JPEG.rf.c558643002c13524ed0bd1e9d0358811.jpg, 1
n02119022_4659_JPEG.rf.c5c634149c7f6f92ce65fdf0165f7535.jpg, 1
n02119022_7017_JPEG.rf.c5d4c5c3ed85540a841ff39f137b3e95.jpg, 1
n02119789_14704_JPEG.rf.c6526b4031a9b3315ee8cb0f8fe77608.jpg, 1
n02119789_6622_JPEG.rf.c633f98a1b0491561d21f2ac4f69f3d2.jpg, 1
n02119022_2001_JPEG.rf.c305dec2a64115ccb282d08068e0272b.jpg, 1
n02119789_12215_JPEG.rf.c84729f1137250c35f94f781d3221199.jpg, 1
n02119789_4243_JPEG.rf.ca0cfa0c735ccc8e385dbcb2c35810a8.jpg, 1
n02119789_6091_JPEG.rf.cc5cb86a0f9aa38f83cc449d8e22c6d5.jpg, 1
n02119789_4490_JPEG.rf.c82628c5d3dcd641d143f4be47a4f9f4.jpg, 1
n02119789_9720_JPEG.rf.c71c3987c6c06eeea8b216786aad7069.jpg, 1
n02119022_8089_JPEG.rf.c87628bd144087e45fd2b818a7526d57.jpg, 1
n02119789_2825_JPEG.rf.c672ae2fd64a64c991d45f91eafba7fb.jpg, 1
n02119022_3019_JPEG.rf.ca009402a9df545172ffa7cf1eab9730.jpg, 1
n02119789_5580_JPEG.rf.c86f569f1d5165ece8a7b564a0a3f1bd.jpg, 1
n02119789_14844_JPEG.rf.ccb4b08532dae0036b93e63d8ae5d1aa.jpg, 1
n02119022_12833_JPEG.rf.cc2156e51131d52538ef5b62bd2f455c.jpg, 1
n02119022_390_JPEG.rf.caf8ed138ec2203be824cb53e57b5702.jpg, 1
n02119022_2281_JPEG.rf.ccdbbc021c3e0975b1eca1714e731159.jpg, 1
n02119022_5675_JPEG.rf.ce46ab8fc8c84a9586f016e50c3d3ac7.jpg, 1
n02119022_1693_JPEG.rf.ce4fc17724d6070f6002f5c5f0e7a1d6.jpg, 1
n02119022_14800_JPEG.rf.cd0b78f9488fe502267a32f285a9b32a.jpg, 1
n02119789_2574_JPEG.rf.d03299351892c167d5864398edff30f4.jpg, 1
n02119022_4578_JPEG.rf.cb77e62c93ed36d8bab6521f6dc56ac8.jpg, 1
n02119022_5323_JPEG.rf.d0d73f9b6ff21737dcf67f33a1ecee2a.jpg, 1
n02119789_1379_JPEG.rf.ce12aa0bdd39130b46fa4fc13dace97e.jpg, 1
n02119022_8989_JPEG.rf.d02400161ff6a0a7a5656323df4a0086.jpg, 1
n02119789_16314_JPEG.rf.ccff061fe4ff6af1ceccc24c43c05708.jpg, 1
n02119789_9323_JPEG.rf.d29e415db48ad82236ed91f46f08f417.jpg, 1
n02119789_519_JPEG.rf.ce6c8290b1d3479fd1df9f913fb8ac50.jpg, 1
n02119022_1348_JPEG.rf.d054f939aee1099d03670b877c179f40.jpg, 1
n02119789_7635_JPEG.rf.cd0ddcf0fa36118f784bbc2ac18c9625.jpg, 1
n02119022_13566_JPEG.rf.d184922f7133daa0f27430c6d4ade12f.jpg, 1
n02119789_3149_JPEG.rf.cffd7b6433d09a63b7edfbeec383ed40.jpg, 1
n02119789_5962_JPEG.rf.d136d982ddfc19fa099a608547abb850.jpg, 1
n02119789_12207_JPEG.rf.ceecfa1eea950dc7bec3687fcc77a6c5.jpg, 1
n02119022_6997_JPEG.rf.d295660c23237812b3c7819f1058349e.jpg, 1
n02119022_2803_JPEG.rf.d2d04f371bfefd8ade49e0f144dbbb71.jpg, 1
n02119022_9743_JPEG.rf.d1ca54bb636f8d017ff4c07bb9e369d7.jpg, 1
n02119789_16767_JPEG.rf.d1a789d3bd8d2050a0842bf8aba618d3.jpg, 1
n02119022_7007_JPEG.rf.d0f63fbe3dc5b5ff40832759896a816a.jpg, 1
n02119022_11315_JPEG.rf.d113cad6d9a2cf8a63a5ede7d73f6137.jpg, 1
n02119789_1238_JPEG.rf.d349ed31f0f376892586da875e102edb.jpg, 1
n02119022_1474_JPEG.rf.cc7d277618a1bce9b212b7527cd3d0d3.jpg, 1
n02119022_11480_JPEG.rf.d2d961be45b5da5bf5cfe8e21554ea09.jpg, 1
n02119789_17413_JPEG.rf.d328f7ddd20f91da84079e9ba3269f6d.jpg, 1
n02119022_852_JPEG.rf.d3fb818d5d3043cf56fd8dae7110b096.jpg, 1
n02119022_9083_JPEG.rf.d3582531ce9b7377a76a949a9cda3927.jpg, 1
n02119022_4172_JPEG.rf.d458afed0801495fd408a5194eb1a58f.jpg, 1
n02119022_7815_JPEG.rf.d3836bfb0964d3659ce0d7561edb4b7c.jpg, 1
n02119022_54_JPEG.rf.d59946435d1a000a1091a1ef8818cd59.jpg, 1
n02119789_12880_JPEG.rf.d7a5e5df15250aa96e8ad9d18a705a0e.jpg, 1
n02119022_7795_JPEG.rf.d64e7a3274f486e426e376d04f4fa4ce.jpg, 1
n02119789_8645_JPEG.rf.d47f82590ce68cda68eec150ae5b4237.jpg, 1
n02119022_8721_JPEG.rf.d53bb3125e92c20e8f6e85147de43d6e.jpg, 1
n02119789_1150_JPEG.rf.d55f4682d5e3b3319d606c55be9f0b72.jpg, 1
n02119022_6877_JPEG.rf.d85cef1d76992fe1551863e7e07b8e64.jpg, 1
n02119789_1052_JPEG.rf.d75d6cf20930e054ffa0a0cb085868c6.jpg, 1
n02119789_6382_JPEG.rf.d6f756b06f2a1be82d844353a24d96ba.jpg, 1
n02119022_2604_JPEG.rf.d81067ffe3d3096493be77457c2d3bf7.jpg, 1
n02119022_391_JPEG.rf.d7f42b1292b926bda25ca4fd8ee6cc6d.jpg, 1
n02119022_10453_JPEG.rf.d46c8bef3d040ef7737aa00ee8625ca9.jpg, 1
n02119022_8271_JPEG.rf.d549710458511f32e006ecff5e4b4562.jpg, 1
n02119022_11196_JPEG.rf.d50c53655a086b99f2a5bc718e8482c3.jpg, 1
n02119022_8802_JPEG.rf.d8623cd5b5eff58d82af2c2998df0d9b.jpg, 1
n02119789_3589_JPEG.rf.dedada5cefb53ae891b88c1bfbac5ba4.jpg, 1
n02119022_9580_JPEG.rf.dba5afefd84d85298a65157de4ff358f.jpg, 1
n02119789_6314_JPEG.rf.dc99266649b936b086fd14a10377d564.jpg, 1
n02119789_3163_JPEG.rf.dd072f6a4fd5c386697ffbe7a1d29d1a.jpg, 1
n02119789_1955_JPEG.rf.dab2636d88295e22d41fff160d93e222.jpg, 1
n02119022_7694_JPEG.rf.da66d1f632bb0e6979ea17ff4527eb75.jpg, 1
n02119022_1002_JPEG.rf.dcd8119a945c76d766b31410385e90f4.jpg, 1
n02119789_10156_JPEG.rf.dab2ff7870c4eb818c1cacab163d9b95.jpg, 1
n02119789_3500_JPEG.rf.dd9b88fc84e0fe8e7e6b1e101e57d285.jpg, 1
n02119789_6266_JPEG.rf.df22d86db55fc35b0916725c2d70af67.jpg, 1
n02119022_13600_JPEG.rf.e019e579081f163d59f841563deb619b.jpg, 1
n02119789_17439_JPEG.rf.db578115e63f7134483bbdfcdfa08482.jpg, 1
n02119022_2027_JPEG.rf.dff6287b958bfea85a3bc8e3a0797e5f.jpg, 1
n02119789_9419_JPEG.rf.dd8807cdc1556043ac1065d123751e5e.jpg, 1
n02119789_12894_JPEG.rf.dd5270fec586236748512b51bc143ed1.jpg, 1
n02119789_3176_JPEG.rf.da43aaee71de30cc8700033723e43216.jpg, 1
n02119022_8406_JPEG.rf.d8cb2a96bc6c09aee350e1d18febedfb.jpg, 1
n02119789_18098_JPEG.rf.ddb59d2cf5205952d7b619f390d79a90.jpg, 1
n02119789_14799_JPEG.rf.db0da99e521f922e2fd92bc125278b8d.jpg, 1
n02119022_6774_JPEG.rf.dc379fc03945603745dd0451d7b9efa9.jpg, 1
n02119789_1031_JPEG.rf.de8e5911f6f8919e226eca3ef737cb3c.jpg, 1
n02119022_1592_JPEG.rf.dfa11e421262acd98efa4df56e46989c.jpg, 1
n02119789_827_JPEG.rf.e08246719d6b79ab73893160863cb922.jpg, 1
n02119022_9662_JPEG.rf.e12623ab9630d24f3b1f69b40eaf628f.jpg, 1
n02119789_17651_JPEG.rf.dcda94fa9ec01e1990c861c744b0e930.jpg, 1
n02119789_1958_JPEG.rf.de71ae24e69fa959aa3926b51f954dd6.jpg, 1
n02119789_9695_JPEG.rf.e4f2884701f55a958598508cce099192.jpg, 1
n02119022_4210_JPEG.rf.e57671b0571741b36f3a091a4f5c22ff.jpg, 1
n02119789_9337_JPEG.rf.e58d239926a0589d8b0a31f106ebe02b.jpg, 1
n02119789_15655_JPEG.rf.e4cef56afe93c5345b6026fd93f09cf2.jpg, 1
n02119789_6726_JPEG.rf.e192fd01b59b3c2778917c6de440bf73.jpg, 1
n02119022_808_JPEG.rf.e45fe4fdaa35a68e1b75c644f718bbb0.jpg, 1
n02119022_1744_JPEG.rf.e0f5b241df5642a97e5afb5cfc8723a7.jpg, 1
n02119789_12290_JPEG.rf.e4b2ecf4d690b3ca3f8a0ab99d7315d1.jpg, 1
n02119022_8298_JPEG.rf.e07bb9a54908418ef9babe38f14e4382.jpg, 1
n02119789_7491_JPEG.rf.e04a3d9d161ef75660ef1e14e297b114.jpg, 1
n02119789_10034_JPEG.rf.e3a60aad4eceb6824f1fb6a459c58b69.jpg, 1
n02119789_4008_JPEG.rf.e41f2f790ce153bd3da187720e50e104.jpg, 1
n02119789_17656_JPEG.rf.dde1a649f017686d4a7f20b43a54019b.jpg, 1
n02119789_9474_JPEG.rf.e4664a0b18abc7b84b30b0cede40e742.jpg, 1
n02119789_9656_JPEG.rf.e088fe947d14e7bb39373e0bc505183f.jpg, 1
n02119022_10323_JPEG.rf.e4014b9eee1b50c0dc8f0a99799317d5.jpg, 1
n02119022_10596_JPEG.rf.e04796a3b34d9995fef65081cd1b0ecd.jpg, 1
n02119022_747_JPEG.rf.e31bf163ddec4283e65597728593f53e.jpg, 1
n02119789_13065_JPEG.rf.e0b807a4b70168a3cb0acfad4ecbb1c0.jpg, 1
n02119022_6629_JPEG.rf.e591fa6167d7aa49e1a5966fc67ece2b.jpg, 1
n02119022_1910_JPEG.rf.e583b82a2a8e039492d73960257bd87e.jpg, 1
n02119022_3552_JPEG.rf.e658cfb5320355937f2a3269273982a4.jpg, 1
n02119022_864_JPEG.rf.e60b220f61b78d1daad641bc4664da21.jpg, 1
n02119022_5759_JPEG.rf.e6830b4028a1de2ba9e5d2b94104eeb3.jpg, 1
n02119789_11310_JPEG.rf.e8212832f8e9196b558b010b7351cb9f.jpg, 1
n02119789_6545_JPEG.rf.e78215ff3afd34713a067e4d5d9fc7d4.jpg, 1
n02119789_15748_JPEG.rf.e7dcc2a9cef1824092f78101306d7049.jpg, 1
n02119789_11032_JPEG.rf.e6c1f951903f8a86f019017b2d2206ca.jpg, 1
n02119022_1642_JPEG.rf.e7fb3e91a8002ca4662906d29506f104.jpg, 1
n02119022_13635_JPEG.rf.ec691f509c2d7b05588798369caa0289.jpg, 1
n02119022_3086_JPEG.rf.e9d74cdd04276ad829c789fb145a95ee.jpg, 1
n02119022_11493_JPEG.rf.ec1c43cf094a28e6b930201222346987.jpg, 1
n02119022_10880_JPEG.rf.eacb92999c62d71d53f1a4451d2f30d8.jpg, 1
n02119789_14336_JPEG.rf.eb740d26254b5a573b22ad799aea98cc.jpg, 1
n02119789_4600_JPEG.rf.ebe832265ea3c557e1799a220c400ddd.jpg, 1
n02119022_1027_JPEG.rf.e68199f13d038839c87b869613720457.jpg, 1
n02119022_4453_JPEG.rf.eb687529cb6aa80c6f13f8a514f82787.jpg, 1
n02119022_2379_JPEG.rf.eb79821661371706fe772edb45fcc0d2.jpg, 1
n02119789_14216_JPEG.rf.eb64f64e9d55aed786a075f0f9febf56.jpg, 1
n02119022_3051_JPEG.rf.e889477f06ab059c746dd616297ae042.jpg, 1
n02119022_8148_JPEG.rf.eba291199d6563b02955ad1881cbe9b8.jpg, 1
n02119789_12561_JPEG.rf.eb782c99d5a7a70e74ba2823b0b1eaac.jpg, 1
n02119022_7891_JPEG.rf.e9b2384595761bcdf13b3333130e793d.jpg, 1
n02119022_871_JPEG.rf.ecf2b192baf84f311966e89d08d47f25.jpg, 1
n02119789_9252_JPEG.rf.ecc2be7f804cfa0c166e800485588a11.jpg, 1
n02119022_7660_JPEG.rf.ea463dfaca88e4c0ad45f4eeac683e60.jpg, 1
n02119789_17967_JPEG.rf.ed40a45cb50da0497f06d03e9dc00f08.jpg, 1
n02119022_11136_JPEG.rf.ec9aaa3744e356dedae2248bf68d8968.jpg, 1
n02119022_2000_JPEG.rf.ed4b4462b42b325437fe9cbf531b0d6f.jpg, 1
n02119789_5498_JPEG.rf.ed936468b5f0001a0acf816a67177da8.jpg, 1
n02119022_1298_JPEG.rf.edc02b8ee20a7939dee83d4fb8cc96e8.jpg, 1
n02119022_11268_JPEG.rf.ea4b757830305ccd8ae849c84d0ec5f8.jpg, 1
n02119022_9380_JPEG.rf.eec22985283282910bd56106ff0455ae.jpg, 1
n02119789_15186_JPEG.rf.f05b022edac770590d334cb4746ee568.jpg, 1
n02119789_4934_JPEG.rf.ee03360140023512fbc9bfa7eb0ef231.jpg, 1
n02119022_7124_JPEG.rf.ee671f01dd3e3e3886a99f89e77e31f1.jpg, 1
n02119789_15461_JPEG.rf.efe85f5439324ece61b913fb4bbc262a.jpg, 1
n02119022_1390_JPEG.rf.ee867051e81b02777e260af1139bf5e6.jpg, 1
n02119022_3994_JPEG.rf.f2cf96d0e49adf8112c13e31593eda18.jpg, 1
n02119789_4660_JPEG.rf.f0d390932e5988b79f7d430760b04afd.jpg, 1
n02119022_5400_JPEG.rf.ede911e9355e9ef189bc169e942d946c.jpg, 1
n02119022_336_JPEG.rf.f2f1edd48d801cc7c0751e99c8155aa2.jpg, 1
n02119789_5350_JPEG.rf.f2e9c24cf97af7dd59c7df6e8483ae8d.jpg, 1
n02119022_5329_JPEG.rf.ee69ce3dfbc630d1a83506fbe79e9932.jpg, 1
n02119022_11503_JPEG.rf.f0c9b52a89d5736a5e12404cf4cc1f19.jpg, 1
n02119789_9710_JPEG.rf.f02a4ceb24d6373141d93465f7e533fe.jpg, 1
n02119789_11280_JPEG.rf.ec2e64e34d1b9cd64b96f2b14d76bce1.jpg, 1
n02119789_9637_JPEG.rf.f10a75cb311d330041fffe64a3846f89.jpg, 1
n02119022_8252_JPEG.rf.f3aef25349991a7da3d6e427c5b4204d.jpg, 1
n02119022_9973_JPEG.rf.f3a833bc92ba8285574dcf9110c23e5f.jpg, 1
n02119789_4708_JPEG.rf.f13d6baf7ff604131eb39c2ef1dde087.jpg, 1
n02119022_13784_JPEG.rf.f1f097efb05f358771ae48fb2152d4ee.jpg, 1
n02119789_2072_JPEG.rf.f1887d1fb587f94b90f961c837e09a4b.jpg, 1
n02119022_11046_JPEG.rf.ef6ea73eed6711bc94dea7212837f4d2.jpg, 1
n02119022_9430_JPEG.rf.f076dc23d51d5be29d74bbd0cacb6113.jpg, 1
n02119022_10255_JPEG.rf.f5cc7cdf004bc068a0976f088f0998cb.jpg, 1
n02119789_14732_JPEG.rf.efbb0e00d35c695955be6c58b39de9e7.jpg, 1
n02119789_13016_JPEG.rf.f4299ec13ee0b0d751efb084699cbca8.jpg, 1
n02119789_9987_JPEG.rf.f531637d71f11cb8a8c470ccc32abce1.jpg, 1
n02119789_8344_JPEG.rf.f5f4b5376d6c93202131c3a399cf153c.jpg, 1
n02119022_10465_JPEG.rf.f4d49a1691500ced1b776d936d08423e.jpg, 1
n02119789_8955_JPEG.rf.f683cbd08d4ad2d04d52df6a53442fa0.jpg, 1
n02119789_8931_JPEG.rf.f604d5e4f4c16a2ee94fdd408046fd84.jpg, 1
n02119789_1218_JPEG.rf.f6a6132208e825a0258a9fbb1b1c5960.jpg, 1
n02119022_11976_JPEG.rf.f3eaacd56b5a9325bee164cf6e1c67d2.jpg, 1
n02119789_14558_JPEG.rf.f701e9e4eb6f1355d9bf25769d137766.jpg, 1
n02119022_8323_JPEG.rf.f7544b5e630c0499ab9a6c884c6f6bcc.jpg, 1
n02119789_2422_JPEG.rf.f7353ec3cea367e3601da131a6248c6c.jpg, 1
n02119789_5576_JPEG.rf.f48d95eda696510251c6bd38babe905d.jpg, 1
n02119789_8967_JPEG.rf.f7a0dea852545cc28099df65241a04ca.jpg, 1
n02119789_3298_JPEG.rf.f843f6cff466a8bfbedcd4fc12e1da38.jpg, 1
n02119789_9177_JPEG.rf.fac70c7e5594081b5dc0fb0df1c2d1f8.jpg, 1
n02119789_17764_JPEG.rf.f77aff4b70a8d7e45bbf721aee6dd7d2.jpg, 1
n02119789_15503_JPEG.rf.f94b66ef66a0e11d9b4efc284e96e6cd.jpg, 1
n02119022_2588_JPEG.rf.f924d7716df0d00ccac3b9968b6f7aa8.jpg, 1
n02119022_13808_JPEG.rf.fb4d1ab3cd64d54883eb306e5ba00f4e.jpg, 1
n02119022_1253_JPEG.rf.f92b468830b564780092e12435801cb2.jpg, 1
n02119789_16421_JPEG.rf.f4041fed1ad4f079ba830e326741a0b9.jpg, 1
n02119022_14515_JPEG.rf.fa396d9ac1c6e36b55a2385ac44b58a0.jpg, 1
n02119789_9644_JPEG.rf.fb4ccb06954d8802a011f8cf5b972cc0.jpg, 1
n02119022_7960_JPEG.rf.faed99a068ed0dbad057a5630f750286.jpg, 1
n02119022_474_JPEG.rf.f8c72a05c0e2722e9c3dcf4dc723480b.jpg, 1
n02119789_3529_JPEG.rf.fb707b88ecdf461d6e41f25307b054a0.jpg, 1
n02119789_15677_JPEG.rf.fba230b0f9270fcb909982a34b10acd7.jpg, 1
n02119789_10152_JPEG.rf.fc698ebc816e39075834e4a910e2680a.jpg, 1
n02119789_3374_JPEG.rf.fd5aaebd75e38ea618bf838c4de99960.jpg, 1
n02119022_717_JPEG.rf.fd780dbe79c02d1cffce6b5577ee1331.jpg, 1
n02119789_3532_JPEG.rf.fcd436e58d44afa1232a620a51bd7b95.jpg, 1
n02119789_3823_JPEG.rf.fd634c2710646a81e1a3dc7e9d49dc5d.jpg, 1
n02119022_1009_JPEG.rf.fcc0008ce1dd0630ee386fec78550abb.jpg, 1
n02119022_3426_JPEG.rf.fd9232de77ffc680dc6e5c32adeda076.jpg, 1
n02119022_6371_JPEG.rf.fdfa55b293d3db7b07af3bc6cea78d53.jpg, 1
n02119789_9550_JPEG.rf.fdc63c838677b137fd57914f827395b9.jpg, 1
n02119022_11465_JPEG.rf.fde34fe3a9e9743c41e659e70d9ee28e.jpg, 1
n02119022_6764_JPEG.rf.fde4e5a471f48084ce8794324f58cf4f.jpg, 1
n02119789_17506_JPEG.rf.fe0dee34965829ad89cc341207abce9d.jpg, 1
n02119022_6784_JPEG.rf.fec135f639fb6f805e8a9040a8bbeb5a.jpg, 1
n02119022_8796_JPEG.rf.ff0b44823befb747418de3f3a7863252.jpg, 1
n02119789_16433_JPEG.rf.ffaabfb657963e34d6a0616a34042e0c.jpg, 1
n02119789_17377_JPEG.rf.fe7e6a757e3702bc81311d124fcb5158.jpg, 1
n02119022_14546_JPEG.rf.ff1e4ad847578047d77b5d4c8a6fdfd2.jpg, 1